{
  "models": [
    "xgb",
    "extratrees",
    "gpr",
    "knn"
  ],
  "weights": [
    0.4823654568214936,
    0.10305699963137856,
    0.37994994276824484,
    0.034627600778883015
  ],
  "best_mse_oof": 11.624828824876614,
  "raw_params": {
    "w_xgb": 0.9902136740345432,
    "w_extratrees": 0.21155837093394614,
    "w_gpr": 0.7799721631331245,
    "w_knn": 0.07108453415425268
  }
}