{
  "models": [
    "xgb",
    "rf",
    "gpr",
    "knn"
  ],
  "weights": [
    0.8172340269543897,
    0.04325188302224762,
    0.05962540258843398,
    0.07988868743492868
  ],
  "best_c_index_oof": 0.6773584215678553,
  "raw_params": {
    "w_xgb": 0.7210932667910535,
    "w_rf": 0.038163660095760665,
    "w_gpr": 0.05261097178791993,
    "w_knn": 0.07049045035090933
  }
}